detectiontime,strat,broodyear
6/8/08,DSR,2006
5/28/08,DSR,2006
5/15/08,DSR,2006
5/16/08,DSR,2006
5/15/08,DSR,2006
5/19/08,DSR,2006
5/16/08,DSR,2006
5/30/08,DSR,2006
5/24/08,DSR,2006
5/18/08,DSR,2006
5/13/08,DSR,2006
5/25/08,DSR,2006
5/25/08,DSR,2006
5/28/08,DSR,2006
5/23/08,DSR,2006
5/28/08,DSR,2006
5/20/08,DSR,2006
5/28/08,DSR,2006
5/28/08,DSR,2006
5/30/08,DSR,2006
5/29/08,DSR,2006
5/25/08,DSR,2006
5/22/08,DSR,2006
5/18/08,DSR,2006
5/26/08,DSR,2006
5/25/08,DSR,2006
5/19/08,DSR,2006
5/31/08,DSR,2006
6/13/08,DSR,2006
5/30/08,DSR,2006
5/21/08,DSR,2006
5/26/08,DSR,2006
5/28/08,DSR,2006
5/29/08,DSR,2006
5/28/08,DSR,2006
6/1/08,DSR,2006
5/30/08,DSR,2006
5/26/08,DSR,2006
5/27/08,DSR,2006
5/26/08,DSR,2006
5/24/08,DSR,2006
5/16/08,DSR,2006
5/18/08,DSR,2006
5/26/08,DSR,2006
5/30/08,DSR,2006
5/19/08,DSR,2006
5/30/08,DSR,2006
6/3/08,DSR,2006
5/26/08,DSR,2006
5/17/08,DSR,2006
5/20/08,DSR,2006
5/26/08,DSR,2006
5/27/08,DSR,2006
5/20/08,DSR,2006
5/17/08,DSR,2006
5/20/08,DSR,2006
5/16/08,DSR,2006
5/28/08,DSR,2006
5/26/08,DSR,2006
5/20/08,DSR,2006
5/23/08,DSR,2006
5/15/08,DSR,2006
5/27/08,DSR,2006
6/8/08,NRR,2006
5/24/08,NRR,2006
5/31/08,NRR,2006
6/8/08,NRR,2006
5/29/08,NRR,2006
5/18/08,NRR,2006
6/9/08,NRR,2006
5/25/08,NRR,2006
5/27/08,NRR,2006
5/23/08,NRR,2006
6/23/08,NRR,2006
6/14/08,NRR,2006
6/11/08,NRR,2006
5/27/08,NRR,2006
6/10/08,NRR,2006
6/2/08,NRR,2006
5/30/08,NRR,2006
6/9/08,NRR,2006
6/7/08,NRR,2006
6/10/08,NRR,2006
5/26/08,NRR,2006
5/27/08,NRR,2006
5/27/08,NRR,2006
6/6/08,NRR,2006
6/12/08,NRR,2006
5/14/09,DSR,2007
5/15/09,DSR,2007
5/18/09,DSR,2007
5/16/09,DSR,2007
5/18/09,DSR,2007
5/19/09,DSR,2007
5/13/09,DSR,2007
5/13/09,DSR,2007
5/14/09,DSR,2007
5/17/09,DSR,2007
5/13/09,DSR,2007
5/14/09,DSR,2007
5/8/09,DSR,2007
5/12/09,DSR,2007
5/9/09,DSR,2007
5/14/09,DSR,2007
5/11/09,DSR,2007
5/10/09,DSR,2007
5/31/09,DSR,2007
5/19/09,DSR,2007
5/18/09,DSR,2007
5/13/09,DSR,2007
5/18/09,DSR,2007
5/14/09,DSR,2007
5/28/09,DSR,2007
5/18/09,DSR,2007
5/28/09,DSR,2007
5/18/09,DSR,2007
5/14/09,DSR,2007
5/26/09,DSR,2007
5/18/09,DSR,2007
5/27/09,DSR,2007
5/27/09,DSR,2007
5/21/09,DSR,2007
5/18/09,DSR,2007
5/18/09,DSR,2007
5/26/09,DSR,2007
5/15/09,DSR,2007
5/14/09,DSR,2007
5/12/09,DSR,2007
5/31/09,DSR,2007
5/20/09,DSR,2007
5/21/09,DSR,2007
5/16/09,DSR,2007
5/22/09,DSR,2007
5/12/09,DSR,2007
5/19/09,DSR,2007
5/15/09,DSR,2007
5/23/09,DSR,2007
5/13/09,DSR,2007
5/11/09,DSR,2007
5/12/09,DSR,2007
5/19/09,DSR,2007
5/18/09,DSR,2007
5/18/09,DSR,2007
5/10/09,DSR,2007
5/9/09,DSR,2007
5/16/09,DSR,2007
5/19/09,NRR,2007
5/17/09,NRR,2007
6/17/09,NRR,2007
6/5/09,NRR,2007
5/21/09,NRR,2007
6/5/09,NRR,2007
5/16/09,NRR,2007
5/31/09,NRR,2007
5/15/09,NRR,2007
5/31/09,NRR,2007
6/5/09,NRR,2007
6/5/09,NRR,2007
6/5/09,NRR,2007
5/19/09,NRR,2007
5/29/09,NRR,2007
6/17/09,NRR,2007
5/25/09,NRR,2007
5/19/09,NRR,2007
6/10/09,NRR,2007
6/5/10,DSR,2008
5/10/10,DSR,2008
5/22/10,DSR,2008
5/12/10,DSR,2008
5/8/10,DSR,2008
5/14/10,DSR,2008
5/24/10,DSR,2008
5/14/10,DSR,2008
5/16/10,DSR,2008
5/25/10,DSR,2008
5/18/10,DSR,2008
5/26/10,DSR,2008
5/23/10,DSR,2008
5/22/10,DSR,2008
5/15/10,DSR,2008
5/20/10,DSR,2008
5/20/10,DSR,2008
5/14/10,DSR,2008
5/20/10,DSR,2008
5/23/10,DSR,2008
5/11/10,DSR,2008
5/16/10,DSR,2008
5/15/10,DSR,2008
5/13/10,DSR,2008
5/23/10,DSR,2008
5/18/10,DSR,2008
5/15/10,DSR,2008
5/13/10,DSR,2008
5/13/10,DSR,2008
5/17/10,DSR,2008
5/14/10,DSR,2008
5/14/10,DSR,2008
5/13/10,DSR,2008
5/16/10,DSR,2008
5/10/10,DSR,2008
5/17/10,DSR,2008
5/10/10,DSR,2008
5/10/10,DSR,2008
5/8/10,DSR,2008
5/17/10,DSR,2008
5/16/10,DSR,2008
5/17/10,DSR,2008
5/17/10,DSR,2008
5/14/10,DSR,2008
5/14/10,DSR,2008
5/14/10,DSR,2008
5/25/10,DSR,2008
5/10/10,DSR,2008
5/7/10,DSR,2008
5/10/10,DSR,2008
5/22/10,DSR,2008
5/15/10,DSR,2008
5/26/10,DSR,2008
5/13/10,DSR,2008
5/23/10,DSR,2008
5/20/10,DSR,2008
5/10/10,DSR,2008
5/13/10,DSR,2008
5/16/10,DSR,2008
5/17/10,DSR,2008
5/11/10,DSR,2008
5/9/10,DSR,2008
5/10/10,DSR,2008
5/30/10,DSR,2008
5/12/10,DSR,2008
5/11/10,DSR,2008
5/21/10,DSR,2008
5/29/10,DSR,2008
6/16/10,DSR,2008
5/14/10,DSR,2008
6/6/10,DSR,2008
5/25/10,DSR,2008
5/25/10,DSR,2008
5/9/10,DSR,2008
5/12/10,DSR,2008
5/14/10,DSR,2008
6/4/10,DSR,2008
5/13/10,DSR,2008
5/30/10,DSR,2008
5/14/10,DSR,2008
5/20/10,DSR,2008
5/30/10,DSR,2008
6/3/10,DSR,2008
5/29/10,DSR,2008
5/25/10,DSR,2008
5/25/10,DSR,2008
5/11/10,DSR,2008
5/29/10,DSR,2008
5/31/10,DSR,2008
5/19/10,DSR,2008
6/3/10,DSR,2008
6/8/10,DSR,2008
5/24/10,DSR,2008
5/22/10,DSR,2008
5/23/10,DSR,2008
5/20/10,DSR,2008
5/28/10,DSR,2008
5/12/10,DSR,2008
5/23/10,DSR,2008
5/15/10,DSR,2008
5/20/10,DSR,2008
5/26/10,DSR,2008
5/20/10,DSR,2008
5/14/10,DSR,2008
5/20/10,DSR,2008
5/9/10,DSR,2008
5/8/10,DSR,2008
5/13/10,DSR,2008
5/18/10,DSR,2008
5/23/10,DSR,2008
5/22/10,DSR,2008
5/12/10,DSR,2008
5/18/10,DSR,2008
5/29/10,DSR,2008
5/16/10,DSR,2008
5/24/10,DSR,2008
5/20/10,DSR,2008
5/23/10,DSR,2008
6/12/10,DSR,2008
5/19/10,DSR,2008
5/26/10,DSR,2008
5/14/10,DSR,2008
5/10/10,DSR,2008
5/9/10,DSR,2008
5/9/10,DSR,2008
5/26/10,DSR,2008
5/23/10,DSR,2008
5/23/10,DSR,2008
5/12/10,DSR,2008
5/18/10,DSR,2008
6/1/10,DSR,2008
5/20/10,DSR,2008
5/25/10,DSR,2008
5/28/10,DSR,2008
5/23/10,DSR,2008
5/16/10,DSR,2008
5/20/10,DSR,2008
5/17/10,DSR,2008
5/22/10,DSR,2008
5/14/10,DSR,2008
5/16/10,DSR,2008
5/19/10,DSR,2008
5/20/10,DSR,2008
5/18/10,DSR,2008
5/8/10,DSR,2008
5/5/10,DSR,2008
5/26/10,DSR,2008
5/14/10,DSR,2008
5/10/10,DSR,2008
5/19/10,DSR,2008
5/19/10,DSR,2008
5/29/10,DSR,2008
5/15/10,DSR,2008
5/16/10,DSR,2008
5/27/10,DSR,2008
5/12/10,DSR,2008
5/14/10,DSR,2008
5/22/10,DSR,2008
5/27/10,DSR,2008
5/20/10,DSR,2008
5/17/10,DSR,2008
5/13/10,DSR,2008
5/17/10,DSR,2008
5/20/10,DSR,2008
5/23/10,DSR,2008
5/19/10,DSR,2008
5/17/10,DSR,2008
5/12/10,DSR,2008
5/14/10,DSR,2008
5/17/10,DSR,2008
5/8/10,DSR,2008
5/14/10,DSR,2008
5/11/10,DSR,2008
5/10/10,DSR,2008
5/12/10,DSR,2008
5/21/10,DSR,2008
5/21/10,DSR,2008
5/13/10,DSR,2008
5/28/10,NRR,2008
5/31/10,NRR,2008
5/26/10,NRR,2008
5/30/10,NRR,2008
5/30/10,NRR,2008
5/23/10,NRR,2008
5/24/10,NRR,2008
5/25/10,NRR,2008
5/14/10,NRR,2008
5/13/10,NRR,2008
6/10/10,NRR,2008
5/23/10,NRR,2008
5/12/10,NRR,2008
5/21/10,NRR,2008
6/1/10,NRR,2008
6/12/10,NRR,2008
6/3/10,NRR,2008
5/25/10,NRR,2008
5/27/10,NRR,2008
5/26/10,NRR,2008
5/16/10,NRR,2008
6/6/10,NRR,2008
5/30/10,NRR,2008
6/4/10,NRR,2008
5/24/10,NRR,2008
5/13/10,NRR,2008
6/3/10,NRR,2008
6/1/10,NRR,2008
5/26/10,NRR,2008
5/14/10,NRR,2008
5/31/10,NRR,2008
6/20/10,NRR,2008
6/15/10,NRR,2008
5/24/10,NRR,2008
5/20/10,NRR,2008
6/16/10,NRR,2008
5/21/10,NRR,2008
6/12/10,NRR,2008
6/15/10,NRR,2008
5/22/10,NRR,2008
6/13/10,NRR,2008
6/12/10,NRR,2008
5/14/10,NRR,2008
6/18/10,NRR,2008
5/22/10,NRR,2008
6/19/10,NRR,2008
6/14/10,NRR,2008
6/17/10,NRR,2008
5/17/10,NRR,2008
6/11/10,NRR,2008
6/8/10,NRR,2008
6/23/10,NRR,2008
6/21/10,NRR,2008
5/8/11,DSR,2009
5/5/11,DSR,2009
5/8/11,DSR,2009
5/13/11,DSR,2009
5/17/11,DSR,2009
5/20/11,DSR,2009
5/1/11,DSR,2009
5/2/11,DSR,2009
5/5/11,DSR,2009
5/8/11,DSR,2009
5/13/11,DSR,2009
5/12/11,DSR,2009
5/8/11,DSR,2009
5/13/11,DSR,2009
5/14/11,DSR,2009
5/14/11,DSR,2009
5/14/11,DSR,2009
5/8/11,DSR,2009
5/9/11,DSR,2009
5/11/11,DSR,2009
5/12/11,DSR,2009
5/8/11,DSR,2009
5/8/11,DSR,2009
5/23/11,DSR,2009
5/6/11,DSR,2009
5/3/11,DSR,2009
5/12/11,DSR,2009
5/14/11,DSR,2009
5/12/11,DSR,2009
5/13/11,DSR,2009
5/5/11,DSR,2009
5/12/11,DSR,2009
5/8/11,DSR,2009
5/10/11,DSR,2009
7/9/11,NRR,2009
5/27/11,NRR,2009
5/22/11,NRR,2009
6/12/11,NRR,2009
6/20/11,NRR,2009
5/25/11,NRR,2009
5/24/11,NRR,2009
6/3/11,NRR,2009
5/10/12,DSR,2010
5/12/12,DSR,2010
5/10/12,DSR,2010
4/30/12,DSR,2010
5/13/12,DSR,2010
5/3/12,DSR,2010
5/23/12,DSR,2010
5/6/12,DSR,2010
5/9/12,DSR,2010
5/7/12,DSR,2010
5/8/12,DSR,2010
5/13/12,DSR,2010
5/22/12,DSR,2010
5/15/12,DSR,2010
5/18/12,DSR,2010
5/11/12,DSR,2010
5/19/12,DSR,2010
5/15/12,DSR,2010
5/9/12,DSR,2010
5/19/12,DSR,2010
5/14/12,DSR,2010
5/7/12,DSR,2010
5/6/12,DSR,2010
5/15/12,DSR,2010
5/12/12,DSR,2010
5/12/12,DSR,2010
5/5/12,DSR,2010
5/7/12,DSR,2010
5/9/12,DSR,2010
5/20/12,DSR,2010
5/11/12,DSR,2010
5/10/12,DSR,2010
5/11/12,DSR,2010
5/11/12,DSR,2010
5/23/12,DSR,2010
5/14/12,DSR,2010
5/6/12,DSR,2010
5/11/12,DSR,2010
5/9/12,DSR,2010
5/30/12,DSR,2010
5/8/12,DSR,2010
5/11/12,DSR,2010
5/8/12,DSR,2010
5/9/12,DSR,2010
5/14/12,DSR,2010
5/7/12,DSR,2010
5/10/12,DSR,2010
5/9/12,DSR,2010
5/13/12,DSR,2010
5/15/12,DSR,2010
5/9/12,DSR,2010
5/10/12,DSR,2010
5/6/12,DSR,2010
5/9/12,DSR,2010
5/9/12,DSR,2010
5/14/12,DSR,2010
5/10/12,DSR,2010
5/8/12,DSR,2010
5/14/12,DSR,2010
5/10/12,DSR,2010
5/9/12,DSR,2010
5/9/12,DSR,2010
5/19/12,NRR,2010
5/19/12,NRR,2010
5/16/12,NRR,2010
5/12/12,NRR,2010
5/14/12,NRR,2010
5/14/12,NRR,2010
5/19/12,NRR,2010
5/10/12,NRR,2010
5/29/12,NRR,2010
5/12/12,NRR,2010
6/5/12,NRR,2010
6/8/12,NRR,2010
5/20/12,NRR,2010
5/12/12,NRR,2010
5/13/12,NRR,2010
5/15/12,NRR,2010
5/12/12,NRR,2010
5/19/12,NRR,2010
5/15/12,NRR,2010
5/10/12,NRR,2010
5/15/12,NRR,2010
5/23/12,NRR,2010
6/9/13,DSR,2011
6/2/13,DSR,2011
5/13/13,DSR,2011
5/21/13,DSR,2011
5/9/13,DSR,2011
5/17/13,DSR,2011
5/17/13,DSR,2011
5/17/13,DSR,2011
6/11/13,DSR,2011
5/12/13,DSR,2011
5/13/13,DSR,2011
5/26/13,DSR,2011
5/13/13,DSR,2011
5/29/13,DSR,2011
6/2/13,DSR,2011
5/31/13,DSR,2011
5/19/13,DSR,2011
5/15/13,DSR,2011
5/10/13,DSR,2011
5/14/13,DSR,2011
5/18/13,DSR,2011
5/18/13,DSR,2011
5/20/13,DSR,2011
5/12/13,DSR,2011
6/1/13,DSR,2011
5/15/13,DSR,2011
5/16/13,DSR,2011
5/12/13,DSR,2011
5/12/13,DSR,2011
5/16/13,DSR,2011
5/21/13,DSR,2011
6/10/13,NRR,2011
6/5/13,NRR,2011
6/4/13,NRR,2011
5/30/13,NRR,2011
5/29/13,NRR,2011
6/22/13,NRR,2011
5/20/13,NRR,2011
5/14/13,NRR,2011
5/31/13,NRR,2011
5/13/13,NRR,2011
5/14/13,NRR,2011
5/20/13,NRR,2011
5/13/13,NRR,2011
6/5/13,NRR,2011
5/20/13,NRR,2011
5/26/13,NRR,2011
5/16/13,NRR,2011
5/13/13,NRR,2011
6/6/13,NRR,2011
6/13/13,NRR,2011
7/7/13,NRR,2011
6/7/13,NRR,2011
6/5/13,NRR,2011
5/17/13,NRR,2011
5/5/14,DSR,2012
5/6/14,DSR,2012
5/5/14,DSR,2012
5/2/14,DSR,2012
5/2/14,DSR,2012
5/5/14,DSR,2012
5/6/14,DSR,2012
5/20/14,DSR,2012
5/11/14,DSR,2012
5/13/14,DSR,2012
5/2/14,DSR,2012
5/5/14,DSR,2012
5/14/14,DSR,2012
5/7/14,DSR,2012
5/2/14,DSR,2012
5/7/14,DSR,2012
5/6/14,DSR,2012
5/9/14,DSR,2012
5/1/14,DSR,2012
5/11/14,DSR,2012
5/5/14,DSR,2012
5/31/14,DSR,2012
5/5/14,DSR,2012
5/8/14,DSR,2012
5/22/14,DSR,2012
5/13/14,DSR,2012
5/12/14,DSR,2012
5/7/14,DSR,2012
5/10/14,DSR,2012
5/5/14,DSR,2012
5/6/14,DSR,2012
5/12/14,DSR,2012
5/12/14,DSR,2012
5/12/14,DSR,2012
5/6/14,DSR,2012
5/7/14,DSR,2012
5/7/14,DSR,2012
5/8/14,DSR,2012
6/6/14,NRR,2012
6/18/14,NRR,2012
6/2/14,NRR,2012
6/3/14,NRR,2012
6/3/14,NRR,2012
6/6/14,NRR,2012
6/12/14,NRR,2012
5/18/14,NRR,2012
5/27/14,NRR,2012
5/14/14,NRR,2012
5/16/14,NRR,2012
5/24/14,NRR,2012
5/15/14,NRR,2012
5/20/14,NRR,2012
5/21/14,NRR,2012
5/8/14,NRR,2012
5/12/14,NRR,2012
5/19/14,NRR,2012
5/13/14,NRR,2012
5/2/14,NRR,2012
5/18/15,DSR,2013
5/15/15,DSR,2013
5/5/15,DSR,2013
5/12/15,DSR,2013
5/13/15,DSR,2013
5/20/15,DSR,2013
5/12/15,DSR,2013
5/16/15,DSR,2013
5/11/15,DSR,2013
5/18/15,DSR,2013
5/13/15,DSR,2013
5/13/15,DSR,2013
5/7/15,DSR,2013
5/12/15,DSR,2013
5/17/15,DSR,2013
5/9/15,DSR,2013
5/9/15,DSR,2013
5/8/15,DSR,2013
5/22/15,DSR,2013
5/17/15,DSR,2013
5/26/15,DSR,2013
5/9/15,DSR,2013
5/14/15,DSR,2013
5/29/15,DSR,2013
5/19/15,DSR,2013
5/20/15,DSR,2013
5/17/15,DSR,2013
5/10/15,DSR,2013
5/21/15,DSR,2013
5/17/15,DSR,2013
5/30/15,DSR,2013
5/11/15,DSR,2013
5/12/15,DSR,2013
5/27/15,DSR,2013
5/9/15,DSR,2013
5/18/15,DSR,2013
5/28/15,DSR,2013
5/17/15,DSR,2013
5/14/15,DSR,2013
5/17/15,DSR,2013
6/1/15,DSR,2013
5/17/15,DSR,2013
5/22/15,DSR,2013
5/9/15,DSR,2013
5/17/15,DSR,2013
5/15/15,DSR,2013
5/10/15,DSR,2013
5/18/15,DSR,2013
5/15/15,DSR,2013
6/6/15,NRR,2013
5/25/15,NRR,2013
5/25/15,NRR,2013
5/24/15,NRR,2013
6/1/15,NRR,2013
5/23/15,NRR,2013
5/21/15,NRR,2013
5/17/15,NRR,2013
5/25/15,NRR,2013
5/23/15,NRR,2013
5/24/15,NRR,2013
5/29/15,NRR,2013
5/26/15,NRR,2013
5/28/15,NRR,2013
5/23/15,NRR,2013
5/20/15,NRR,2013
5/15/15,NRR,2013
5/20/15,NRR,2013
6/3/15,NRR,2013
6/12/15,NRR,2013
6/2/15,NRR,2013
6/9/15,NRR,2013
6/1/15,NRR,2013
5/26/15,NRR,2013
6/3/15,NRR,2013
5/12/15,NRR,2013
5/20/15,NRR,2013
5/31/15,NRR,2013
5/23/15,NRR,2013
5/17/15,NRR,2013
5/18/15,NRR,2013
5/19/15,NRR,2013
6/18/15,NRR,2013
5/18/15,NRR,2013
5/15/15,NRR,2013
5/4/16,DSR,2014
5/4/16,DSR,2014
4/29/16,DSR,2014
5/3/16,DSR,2014
5/1/16,DSR,2014
5/1/16,DSR,2014
5/13/16,DSR,2014
5/4/16,DSR,2014
5/9/16,DSR,2014
5/9/16,DSR,2014
4/29/16,DSR,2014
5/5/16,DSR,2014
4/30/16,DSR,2014
5/1/16,DSR,2014
5/1/16,DSR,2014
5/8/16,DSR,2014
4/29/16,DSR,2014
5/5/16,DSR,2014
5/7/16,DSR,2014
5/7/16,DSR,2014
5/13/16,DSR,2014
5/2/16,DSR,2014
4/29/16,DSR,2014
4/29/16,DSR,2014
5/1/16,DSR,2014
5/3/16,DSR,2014
5/6/16,DSR,2014
5/8/16,DSR,2014
5/4/16,DSR,2014
4/25/16,DSR,2014
4/30/16,DSR,2014
4/30/16,DSR,2014
4/30/16,DSR,2014
5/8/16,DSR,2014
4/30/16,DSR,2014
4/24/16,DSR,2014
5/6/16,DSR,2014
5/1/16,DSR,2014
5/13/16,DSR,2014
4/30/16,DSR,2014
5/2/16,DSR,2014
5/1/16,DSR,2014
5/4/16,DSR,2014
5/2/16,DSR,2014
5/11/16,DSR,2014
5/2/16,DSR,2014
5/22/16,DSR,2014
5/26/16,DSR,2014
5/5/16,DSR,2014
5/7/16,DSR,2014
5/8/16,DSR,2014
5/13/16,DSR,2014
5/8/16,DSR,2014
4/30/16,DSR,2014
5/12/16,DSR,2014
5/10/16,DSR,2014
5/14/16,DSR,2014
5/11/16,DSR,2014
5/1/16,DSR,2014
5/9/16,DSR,2014
5/5/16,DSR,2014
5/13/16,DSR,2014
5/7/16,DSR,2014
5/3/16,DSR,2014
5/1/16,DSR,2014
5/1/16,DSR,2014
5/30/16,DSR,2014
6/18/16,NRR,2014
5/1/16,DSR,2014
5/25/16,NRR,2014
5/23/16,NRR,2014
5/5/16,NRR,2014
5/18/16,NRR,2014
5/18/16,NRR,2014
5/15/16,NRR,2014
5/3/16,NRR,2014
5/9/16,NRR,2014
5/7/16,NRR,2014
5/7/16,NRR,2014
5/3/16,NRR,2014
5/3/16,NRR,2014
5/5/16,NRR,2014
5/2/16,NRR,2014
5/4/16,NRR,2014
5/4/16,NRR,2014
5/4/16,NRR,2014
5/1/16,NRR,2014
4/28/16,NRR,2014
5/3/17,DSR,2015
6/1/17,DSR,2015
5/20/17,DSR,2015
4/25/17,DSR,2015
5/20/17,DSR,2015
4/30/17,DSR,2015
5/10/17,DSR,2015
5/29/17,DSR,2015
5/4/17,DSR,2015
5/20/17,DSR,2015
5/18/17,DSR,2015
4/30/17,DSR,2015
5/16/17,DSR,2015
5/6/17,DSR,2015
5/4/17,DSR,2015
5/12/17,DSR,2015
5/1/17,DSR,2015
5/12/17,DSR,2015
5/9/17,DSR,2015
5/11/17,DSR,2015
5/7/17,DSR,2015
5/6/17,DSR,2015
5/10/17,DSR,2015
4/25/17,DSR,2015
5/6/17,DSR,2015
4/25/17,DSR,2015
5/4/17,DSR,2015
5/8/17,DSR,2015
5/5/17,DSR,2015
5/6/17,DSR,2015
5/3/17,DSR,2015
5/4/17,DSR,2015
5/3/17,DSR,2015
4/26/17,DSR,2015
5/11/17,DSR,2015
4/25/17,DSR,2015
5/12/17,DSR,2015
5/5/17,DSR,2015
5/6/17,DSR,2015
4/22/17,DSR,2015
4/28/17,DSR,2015
5/5/17,DSR,2015
5/3/17,DSR,2015
5/3/17,DSR,2015
5/19/17,NRR,2015
5/27/17,NRR,2015
5/3/17,NRR,2015
4/29/17,NRR,2015
4/26/18,DSR,2016
5/11/18,DSR,2016
4/30/18,DSR,2016
5/7/18,DSR,2016
4/27/18,DSR,2016
5/2/18,DSR,2016
5/23/18,DSR,2016
5/24/18,DSR,2016
5/3/18,DSR,2016
5/3/18,DSR,2016
5/6/18,DSR,2016
4/30/18,DSR,2016
5/6/18,DSR,2016
5/11/18,DSR,2016
5/25/18,DSR,2016
5/15/18,DSR,2016
5/14/18,DSR,2016
5/8/18,DSR,2016
5/11/18,DSR,2016
5/7/18,DSR,2016
5/1/18,DSR,2016
5/8/18,DSR,2016
5/6/18,DSR,2016
5/5/18,DSR,2016
5/8/18,DSR,2016
5/4/18,DSR,2016
5/26/18,NRR,2016
5/20/18,NRR,2016
5/31/18,NRR,2016
5/21/18,NRR,2016
5/9/18,NRR,2016
4/29/18,NRR,2016
5/23/19,DSR,2017
5/13/19,DSR,2017
5/5/19,DSR,2017
5/8/19,DSR,2017
5/3/19,DSR,2017
5/8/19,DSR,2017
5/4/19,DSR,2017
5/3/19,DSR,2017
5/8/19,DSR,2017
5/6/19,DSR,2017
5/3/19,DSR,2017
5/17/19,DSR,2017
5/13/19,DSR,2017
5/27/19,DSR,2017
5/1/19,DSR,2017
5/2/19,DSR,2017
5/5/19,DSR,2017
5/24/19,DSR,2017
5/7/19,DSR,2017
5/7/19,DSR,2017
5/5/19,DSR,2017
5/4/19,DSR,2017
5/22/19,DSR,2017
5/13/19,DSR,2017
5/6/19,DSR,2017
4/29/19,DSR,2017
5/17/19,DSR,2017
5/22/19,DSR,2017
5/2/19,DSR,2017
5/15/19,DSR,2017
5/19/19,DSR,2017
5/30/19,DSR,2017
5/18/19,DSR,2017
5/5/19,DSR,2017
5/17/19,DSR,2017
5/8/19,DSR,2017
5/13/19,DSR,2017
5/4/19,DSR,2017
5/8/19,DSR,2017
5/18/19,DSR,2017
5/7/19,DSR,2017
5/7/19,DSR,2017
5/19/19,DSR,2017
5/10/19,DSR,2017
5/3/19,DSR,2017
5/6/19,DSR,2017
5/9/19,DSR,2017
5/11/19,DSR,2017
5/21/19,DSR,2017
4/30/19,DSR,2017
5/9/19,DSR,2017
5/6/19,DSR,2017
5/5/19,DSR,2017
5/13/19,DSR,2017
5/17/19,DSR,2017
5/31/19,DSR,2017
4/29/19,DSR,2017
5/13/19,DSR,2017
5/29/19,DSR,2017
5/1/19,DSR,2017
5/12/19,DSR,2017
5/27/19,DSR,2017
5/10/19,DSR,2017
5/29/19,DSR,2017
4/30/19,DSR,2017
5/22/19,DSR,2017
5/26/19,DSR,2017
5/12/19,DSR,2017
5/6/19,DSR,2017
5/8/19,DSR,2017
5/23/19,DSR,2017
5/6/19,DSR,2017
5/6/19,DSR,2017
5/23/19,DSR,2017
5/3/19,DSR,2017
5/16/19,DSR,2017
5/14/19,DSR,2017
5/17/19,DSR,2017
5/14/19,DSR,2017
5/5/19,DSR,2017
5/17/19,DSR,2017
5/12/19,DSR,2017
5/3/19,DSR,2017
5/16/19,DSR,2017
5/13/19,DSR,2017
5/12/19,DSR,2017
5/10/19,DSR,2017
5/14/19,DSR,2017
5/17/19,DSR,2017
5/3/19,DSR,2017
5/7/19,DSR,2017
5/7/19,DSR,2017
5/10/19,DSR,2017
5/8/19,DSR,2017
5/1/19,DSR,2017
5/5/19,DSR,2017
5/7/19,DSR,2017
5/1/19,DSR,2017
5/1/19,DSR,2017
5/6/19,DSR,2017
5/5/19,DSR,2017
5/6/19,DSR,2017
5/5/19,DSR,2017
5/8/19,DSR,2017
5/22/19,DSR,2017
5/4/19,DSR,2017
5/2/19,DSR,2017
5/9/19,DSR,2017
6/11/19,NRR,2017
5/26/19,NRR,2017
5/25/19,NRR,2017
6/7/19,NRR,2017
5/26/19,NRR,2017
5/24/19,NRR,2017
5/23/19,NRR,2017
5/6/19,NRR,2017
5/30/19,NRR,2017
5/11/20,DSR,2018
5/19/20,DSR,2018
5/4/20,DSR,2018
5/7/20,DSR,2018
5/9/20,DSR,2018
6/3/20,DSR,2018
5/9/20,DSR,2018
6/4/20,DSR,2018
5/10/20,DSR,2018
5/15/20,DSR,2018
5/12/20,DSR,2018
5/15/20,DSR,2018
5/9/20,DSR,2018
5/28/20,DSR,2018
5/5/20,DSR,2018
5/5/20,DSR,2018
5/29/20,DSR,2018
5/5/20,DSR,2018
5/22/20,DSR,2018
5/28/20,DSR,2018
5/21/20,DSR,2018
5/23/20,DSR,2018
5/10/20,DSR,2018
5/9/20,DSR,2018
5/16/20,DSR,2018
5/13/20,DSR,2018
5/30/20,DSR,2018
5/13/20,DSR,2018
5/8/20,DSR,2018
5/10/20,DSR,2018
5/10/20,DSR,2018
6/3/20,DSR,2018
5/18/20,DSR,2018
5/19/20,DSR,2018
5/31/20,DSR,2018
5/10/20,DSR,2018
5/11/20,DSR,2018
5/22/20,DSR,2018
5/13/20,DSR,2018
5/18/20,DSR,2018
5/12/20,DSR,2018
5/11/20,DSR,2018
5/10/20,DSR,2018
5/19/20,DSR,2018
5/7/20,DSR,2018
5/8/20,DSR,2018
5/7/20,DSR,2018
5/10/20,DSR,2018
5/16/20,DSR,2018
5/5/20,DSR,2018
5/12/20,DSR,2018
5/16/20,DSR,2018
5/8/20,DSR,2018
5/14/20,DSR,2018
5/9/20,DSR,2018
5/12/20,DSR,2018
5/6/20,DSR,2018
5/5/20,DSR,2018
5/6/20,DSR,2018
5/14/20,DSR,2018
5/8/20,DSR,2018
5/9/20,DSR,2018
5/27/20,DSR,2018
5/6/20,DSR,2018
5/4/20,DSR,2018
5/18/20,DSR,2018
5/18/20,DSR,2018
5/15/20,DSR,2018
5/5/20,DSR,2018
5/19/20,DSR,2018
5/26/20,DSR,2018
5/8/20,DSR,2018
5/7/20,DSR,2018
5/7/20,DSR,2018
5/8/20,DSR,2018
5/21/20,DSR,2018
5/16/20,DSR,2018
5/30/20,DSR,2018
5/11/20,DSR,2018
5/10/20,DSR,2018
5/14/20,DSR,2018
5/11/20,DSR,2018
5/9/20,DSR,2018
5/8/20,DSR,2018
5/5/20,DSR,2018
5/16/20,DSR,2018
5/13/20,DSR,2018
5/13/20,DSR,2018
5/5/20,DSR,2018
5/11/20,DSR,2018
5/10/20,DSR,2018
5/10/20,DSR,2018
5/8/20,DSR,2018
5/10/20,DSR,2018
5/8/20,DSR,2018
5/5/20,DSR,2018
5/11/20,DSR,2018
5/11/20,DSR,2018
5/10/20,DSR,2018
5/7/20,DSR,2018
5/5/20,DSR,2018
5/7/20,DSR,2018
5/4/20,DSR,2018
5/9/20,DSR,2018
5/5/20,DSR,2018
5/15/20,DSR,2018
5/11/20,NRR,2018
5/31/21,DSR,2019
5/20/21,DSR,2019
5/19/21,DSR,2019
5/19/21,DSR,2019
5/20/21,DSR,2019
5/13/21,DSR,2019
5/25/21,DSR,2019
5/8/21,DSR,2019
5/29/21,DSR,2019
5/19/21,DSR,2019
6/2/21,DSR,2019
5/23/21,DSR,2019
5/14/21,DSR,2019
5/26/21,DSR,2019
5/23/21,DSR,2019
5/12/21,DSR,2019
5/21/21,DSR,2019
5/16/21,DSR,2019
5/18/21,DSR,2019
5/22/21,DSR,2019
5/20/21,DSR,2019
5/7/21,DSR,2019
5/19/21,DSR,2019
5/18/21,DSR,2019
5/11/21,DSR,2019
5/17/21,DSR,2019
6/6/21,DSR,2019
5/20/21,DSR,2019
5/15/21,DSR,2019
5/18/21,DSR,2019
5/19/21,DSR,2019
5/21/21,DSR,2019
5/14/21,DSR,2019
5/18/21,DSR,2019
5/19/21,DSR,2019
5/20/21,DSR,2019
5/23/21,DSR,2019
5/13/21,DSR,2019
5/25/21,DSR,2019
5/8/21,DSR,2019
5/18/21,DSR,2019
5/18/21,DSR,2019
5/18/21,DSR,2019
5/12/21,DSR,2019
5/16/21,DSR,2019
5/19/21,DSR,2019
5/20/21,DSR,2019
5/21/21,DSR,2019
5/18/21,DSR,2019
5/19/21,DSR,2019
5/14/21,DSR,2019
5/16/21,DSR,2019
5/20/21,DSR,2019
5/19/21,DSR,2019
5/21/21,DSR,2019
5/18/21,DSR,2019
5/18/21,DSR,2019
5/18/21,DSR,2019
5/23/21,DSR,2019
5/28/21,DSR,2019
5/17/21,DSR,2019
5/23/21,DSR,2019
6/7/21,DSR,2019
5/29/21,DSR,2019
5/31/21,DSR,2019
5/20/21,DSR,2019
5/20/21,DSR,2019
5/31/21,DSR,2019
5/25/21,DSR,2019
5/28/21,DSR,2019
5/26/21,DSR,2019
5/30/21,DSR,2019
5/19/21,DSR,2019
5/21/21,DSR,2019
5/23/21,DSR,2019
5/23/21,DSR,2019
6/10/21,DSR,2019
5/28/21,DSR,2019
5/22/21,DSR,2019
5/22/21,DSR,2019
5/23/21,DSR,2019
6/4/21,DSR,2019
5/20/21,DSR,2019
5/21/21,DSR,2019
5/21/21,DSR,2019
5/24/21,DSR,2019
5/29/21,DSR,2019
5/21/21,DSR,2019
5/18/21,DSR,2019
5/20/21,DSR,2019
5/23/21,DSR,2019
5/23/21,DSR,2019
5/25/21,DSR,2019
5/23/21,DSR,2019
5/15/21,DSR,2019
5/18/21,DSR,2019
5/18/21,DSR,2019
5/22/21,DSR,2019
5/20/21,DSR,2019
5/18/21,DSR,2019
5/18/21,DSR,2019
5/20/21,DSR,2019
5/22/21,DSR,2019
5/15/21,DSR,2019
5/19/21,DSR,2019
5/20/21,DSR,2019
5/21/21,DSR,2019
5/22/21,DSR,2019
5/13/21,DSR,2019
5/13/21,DSR,2019
5/15/21,DSR,2019
5/15/21,DSR,2019
5/16/21,DSR,2019
5/16/21,DSR,2019
5/19/21,DSR,2019
5/22/21,DSR,2019
5/19/21,DSR,2019
5/19/21,DSR,2019
5/8/21,DSR,2019
5/12/21,DSR,2019
5/18/21,DSR,2019
5/19/21,DSR,2019
5/27/21,DSR,2019
5/18/21,DSR,2019
5/24/21,DSR,2019
5/19/21,DSR,2019
5/13/21,DSR,2019
5/14/21,DSR,2019
5/14/21,DSR,2019
5/18/21,DSR,2019
5/17/21,DSR,2019
5/16/21,DSR,2019
5/20/21,DSR,2019
5/29/21,DSR,2019
5/19/21,DSR,2019
5/29/21,DSR,2019
5/17/21,DSR,2019
5/18/21,DSR,2019
5/18/21,DSR,2019
5/16/21,DSR,2019
5/11/21,DSR,2019
6/7/21,DSR,2019
5/15/21,DSR,2019
5/21/21,DSR,2019
5/19/21,DSR,2019
5/22/21,DSR,2019
5/20/21,DSR,2019
5/21/21,DSR,2019
5/26/21,DSR,2019
5/10/21,DSR,2019
5/18/21,DSR,2019
5/14/21,DSR,2019
5/8/21,DSR,2019
5/12/21,DSR,2019
5/12/21,DSR,2019
5/12/21,DSR,2019
5/19/21,DSR,2019
5/17/21,DSR,2019
5/21/21,DSR,2019
5/17/21,DSR,2019
5/23/21,DSR,2019
5/17/21,DSR,2019
5/19/21,DSR,2019
5/12/21,DSR,2019
5/21/21,DSR,2019
5/11/21,DSR,2019
5/13/21,DSR,2019
5/21/21,DSR,2019
5/24/21,DSR,2019
5/28/21,DSR,2019
5/28/21,DSR,2019
5/21/21,DSR,2019
5/21/21,DSR,2019
5/25/21,DSR,2019
5/29/21,DSR,2019
5/20/21,DSR,2019
5/20/21,DSR,2019
5/26/21,DSR,2019
5/17/21,DSR,2019
5/17/21,DSR,2019
5/11/21,DSR,2019
5/18/21,DSR,2019
5/19/21,DSR,2019
5/19/21,DSR,2019
5/20/21,DSR,2019
5/16/21,DSR,2019
5/19/21,DSR,2019
5/19/21,DSR,2019
5/22/21,DSR,2019
5/10/21,DSR,2019
5/21/21,DSR,2019
5/21/21,DSR,2019
5/17/21,DSR,2019
5/14/21,DSR,2019
5/20/21,DSR,2019
5/14/21,DSR,2019
5/16/21,DSR,2019
5/13/21,DSR,2019
5/16/21,DSR,2019
5/9/21,DSR,2019
5/13/21,DSR,2019
5/9/21,DSR,2019
6/9/21,NRR,2019
6/6/21,NRR,2019
6/4/21,NRR,2019
6/18/21,NRR,2019
5/28/21,NRR,2019
6/4/21,NRR,2019
6/12/21,NRR,2019
5/23/21,NRR,2019
6/8/21,NRR,2019
6/10/21,NRR,2019
6/10/21,NRR,2019
6/12/21,NRR,2019
5/20/21,NRR,2019
5/20/21,NRR,2019
5/20/21,NRR,2019
6/17/21,NRR,2019
6/9/21,NRR,2019
5/31/21,NRR,2019
5/31/21,NRR,2019
5/30/21,NRR,2019
6/14/21,NRR,2019
5/29/21,NRR,2019
5/30/21,NRR,2019
6/8/21,NRR,2019
6/12/21,NRR,2019
5/28/21,NRR,2019
6/5/21,NRR,2019
6/12/21,NRR,2019
6/1/21,NRR,2019
6/7/21,NRR,2019
6/1/21,NRR,2019
6/8/21,NRR,2019
6/8/21,NRR,2019
6/9/21,NRR,2019
6/19/21,NRR,2019
5/27/21,NRR,2019
5/21/21,NRR,2019
5/23/21,NRR,2019
6/7/21,NRR,2019
6/3/21,NRR,2019
6/12/21,NRR,2019
5/14/21,NRR,2019
6/9/21,NRR,2019
5/29/21,NRR,2019
5/23/21,NRR,2019
5/19/21,NRR,2019
5/18/22,DSR,2020
5/20/22,DSR,2020
5/14/22,DSR,2020
5/18/22,DSR,2020
5/18/22,DSR,2020
5/19/22,DSR,2020
5/13/22,DSR,2020
5/13/22,DSR,2020
5/13/22,DSR,2020
6/5/22,DSR,2020
5/24/22,DSR,2020
5/24/22,DSR,2020
5/25/22,DSR,2020
5/21/22,DSR,2020
5/24/22,DSR,2020
5/14/22,DSR,2020
5/17/22,DSR,2020
5/15/22,DSR,2020
5/11/22,DSR,2020
5/26/22,DSR,2020
5/21/22,DSR,2020
6/2/22,DSR,2020
5/14/22,DSR,2020
5/25/22,DSR,2020
5/16/22,DSR,2020
5/18/22,DSR,2020
5/11/22,DSR,2020
5/16/22,DSR,2020
5/26/22,DSR,2020
5/24/22,DSR,2020
5/27/22,DSR,2020
5/23/22,DSR,2020
5/21/22,DSR,2020
5/24/22,DSR,2020
5/23/22,DSR,2020
5/16/22,DSR,2020
5/23/22,DSR,2020
5/16/22,DSR,2020
5/23/22,DSR,2020
5/14/22,DSR,2020
5/26/22,DSR,2020
5/26/22,NRR,2020
5/29/22,NRR,2020
5/21/22,NRR,2020
5/23/22,NRR,2020
5/26/22,NRR,2020
5/24/22,NRR,2020
5/24/22,NRR,2020
6/6/22,NRR,2020
5/24/22,NRR,2020
5/28/22,NRR,2020
5/24/22,NRR,2020
6/7/22,NRR,2020
5/27/22,NRR,2020
6/3/22,NRR,2020
6/1/22,NRR,2020
6/1/22,NRR,2020
5/21/22,NRR,2020
5/16/23,DSR,2021
5/11/23,DSR,2021
5/23/23,DSR,2021
5/15/23,DSR,2021
5/16/23,DSR,2021
5/8/23,DSR,2021
5/18/23,DSR,2021
5/19/23,DSR,2021
5/13/23,DSR,2021
5/25/23,DSR,2021
5/15/23,DSR,2021
5/13/23,DSR,2021
6/2/23,DSR,2021
5/15/23,DSR,2021
5/30/23,DSR,2021
5/17/23,DSR,2021
5/29/23,DSR,2021
5/14/23,DSR,2021
5/12/23,DSR,2021
5/10/23,DSR,2021
5/26/23,DSR,2021
5/16/23,DSR,2021
5/25/23,DSR,2021
5/17/23,DSR,2021
5/23/23,DSR,2021
5/25/23,DSR,2021
5/20/23,DSR,2021
5/20/23,DSR,2021
5/20/23,DSR,2021
5/16/23,DSR,2021
5/19/23,DSR,2021
6/1/23,DSR,2021
5/18/23,DSR,2021
5/16/23,DSR,2021
5/29/23,DSR,2021
5/16/23,DSR,2021
5/18/23,DSR,2021
5/19/23,DSR,2021
5/24/23,DSR,2021
5/14/23,DSR,2021
5/17/23,DSR,2021
5/23/23,DSR,2021
5/25/23,DSR,2021
5/28/23,DSR,2021
5/9/23,DSR,2021
5/13/23,DSR,2021
5/27/23,DSR,2021
5/23/23,DSR,2021
5/18/23,DSR,2021
5/21/23,DSR,2021
5/11/23,DSR,2021
5/13/23,DSR,2021
5/20/23,DSR,2021
5/16/23,DSR,2021
5/19/23,DSR,2021
5/21/23,DSR,2021
5/20/23,DSR,2021
5/28/23,DSR,2021
5/18/23,DSR,2021
5/18/23,DSR,2021
5/15/23,DSR,2021
5/16/23,DSR,2021
5/23/23,DSR,2021
5/16/23,DSR,2021
5/19/23,DSR,2021
5/15/23,DSR,2021
5/16/23,DSR,2021
5/12/23,DSR,2021
5/17/23,DSR,2021
5/14/23,DSR,2021
5/16/23,DSR,2021
5/13/23,DSR,2021
5/16/23,DSR,2021
5/13/23,DSR,2021
5/15/23,DSR,2021
5/13/23,DSR,2021
5/14/23,DSR,2021
5/9/23,DSR,2021
5/6/23,DSR,2021
5/23/23,NRR,2021
5/30/23,NRR,2021
5/26/23,NRR,2021
5/28/23,NRR,2021
5/14/23,NRR,2021
6/3/23,NRR,2021
5/31/23,NRR,2021
5/29/23,NRR,2021
5/28/23,NRR,2021
5/28/23,NRR,2021
5/24/23,NRR,2021
5/24/23,NRR,2021